[
  {
    "airline": "델타항공",
    "airport": "애틀랜타",
    "airportCode": "ATL",
    "carousel": "8",
    "codeshare": "Master",
    "estimatedDateTime": "202506010317",
    "exitnumber": "A",
    "fid": "2025052600000006656331",
    "flightId": "DL027",
    "fstandposition": "239R",
    "gatenumber": "239",
    "masterflightid": null,
    "remark": "도착",
    "scheduleDateTime": "202506010400",
    "terminalid": "P03",
    "typeOfFlight": "I"
  },
  {
    "airline": "대한항공",
    "airport": "애틀랜타",
    "airportCode": "ATL",
    "carousel": "8",
    "codeshare": "Slave",
    "estimatedDateTime": "202506010317",
    "exitnumber": "A",
    "fid": "2025052600000006657306",
    "flightId": "KE5036",
    "fstandposition": "239R",
    "gatenumber": "239",
    "masterflightid": "DL027",
    "remark": "도착",
    "scheduleDateTime": "202506010400",
    "terminalid": "P03",
    "typeOfFlight": "I"
  },
  {
    "airline": "대한항공",
    "airport": "장가계",
    "airportCode": "DYG",
    "carousel": "7",
    "codeshare": "Master",
    "estimatedDateTime": "202506010331",
    "exitnumber": "A",
    "fid": "2025052600000006655638",
    "flightId": "KE164",
    "fstandposition": "235",
    "gatenumber": "235",
    "masterflightid": null,
    "remark": "도착",
    "scheduleDateTime": "202506010405",
    "terminalid": "P03",
    "typeOfFlight": "I"
  },
  {
    "airline": "이스타항공",
    "airport": "상하이/푸동",
    "airportCode": "PVG",
    "carousel": "7",
    "codeshare": "Master",
    "estimatedDateTime": "202506010331",
    "exitnumber": "B",
    "fid": "2025052600000006655894",
    "flightId": "ZE872",
    "fstandposition": "108",
    "gatenumber": "108",
    "masterflightid": null,
    "remark": "도착",
    "scheduleDateTime": "202506010330",
    "terminalid": "P02",
    "typeOfFlight": "I"
  },
  {
    "airline": "아시아나항공",
    "airport": "샌프란시스코",
    "airportCode": "SFO",
    "carousel": "4",
    "codeshare": "Master",
    "estimatedDateTime": "202506010338",
    "exitnumber": "B",
    "fid": "2025052600000006656667",
    "flightId": "OZ211",
    "fstandposition": "12",
    "gatenumber": "12",
    "masterflightid": null,
    "remark": "도착",
    "scheduleDateTime": "202506010430",
    "terminalid": "P01",
    "typeOfFlight": "I"
  },
  {
    "airline": "싱가포르항공",
    "airport": "샌프란시스코",
    "airportCode": "SFO",
    "carousel": "4",
    "codeshare": "Slave",
    "estimatedDateTime": "202506010338",
    "exitnumber": "B",
    "fid": "2025052600000006657044",
    "flightId": "SQ5711",
    "fstandposition": "12",
    "gatenumber": "12",
    "masterflightid": "OZ211",
    "remark": "도착",
    "scheduleDateTime": "202506010430",
    "terminalid": "P01",
    "typeOfFlight": "I"
  },
  {
    "airline": "타이항공",
    "airport": "샌프란시스코",
    "airportCode": "SFO",
    "carousel": "4",
    "codeshare": "Slave",
    "estimatedDateTime": "202506010338",
    "exitnumber": "B",
    "fid": "2025052600000006657045",
    "flightId": "TG6744",
    "fstandposition": "12",
    "gatenumber": "12",
    "masterflightid": "OZ211",
    "remark": "도착",
    "scheduleDateTime": "202506010430",
    "terminalid": "P01",
    "typeOfFlight": "I"
  },
  {
    "airline": "유나이티드항공",
    "airport": "샌프란시스코",
    "airportCode": "SFO",
    "carousel": "4",
    "codeshare": "Slave",
    "estimatedDateTime": "202506010338",
    "exitnumber": "B",
    "fid": "2025052600000006657046",
    "flightId": "UA7290",
    "fstandposition": "12",
    "gatenumber": "12",
    "masterflightid": "OZ211",
    "remark": "도착",
    "scheduleDateTime": "202506010430",
    "terminalid": "P01",
    "typeOfFlight": "I"
  },
  {
    "airline": "진에어",
    "airport": "이창",
    "airportCode": "YIH",
    "carousel": "9",
    "codeshare": "Master",
    "estimatedDateTime": "202506010342",
    "exitnumber": "A",
    "fid": "2025052600000006655823",
    "flightId": "LJ882",
    "fstandposition": "249",
    "gatenumber": "249",
    "masterflightid": null,
    "remark": "도착",
    "scheduleDateTime": "202506010355",
    "terminalid": "P03",
    "typeOfFlight": "I"
  },
  {
    "airline": "아시아나항공",
    "airport": "로스앤젤레스",
    "airportCode": "LAX",
    "carousel": "2",
    "codeshare": "Master",
    "estimatedDateTime": "202506010349",
    "exitnumber": "B",
    "fid": "2025052600000006656728",
    "flightId": "OZ203",
    "fstandposition": "10",
    "gatenumber": "10",
    "masterflightid": null,
    "remark": "도착",
    "scheduleDateTime": "202506010420",
    "terminalid": "P01",
    "typeOfFlight": "I"
  },
  {
    "airline": "코파항공",
    "airport": "로스앤젤레스",
    "airportCode": "LAX",
    "carousel": "2",
    "codeshare": "Slave",
    "estimatedDateTime": "202506010349",
    "exitnumber": "B",
    "fid": "2025052600000006657040",
    "flightId": "CM8003",
    "fstandposition": "10",
    "gatenumber": "10",
    "masterflightid": "OZ203",
    "remark": "도착",
    "scheduleDateTime": "202506010420",
    "terminalid": "P01",
    "typeOfFlight": "I"
  },
  {
    "airline": "싱가포르항공",
    "airport": "로스앤젤레스",
    "airportCode": "LAX",
    "carousel": "2",
    "codeshare": "Slave",
    "estimatedDateTime": "202506010349",
    "exitnumber": "B",
    "fid": "2025052600000006657041",
    "flightId": "SQ5703",
    "fstandposition": "10",
    "gatenumber": "10",
    "masterflightid": "OZ203",
    "remark": "도착",
    "scheduleDateTime": "202506010420",
    "terminalid": "P01",
    "typeOfFlight": "I"
  },
  {
    "airline": "타이항공",
    "airport": "로스앤젤레스",
    "airportCode": "LAX",
    "carousel": "2",
    "codeshare": "Slave",
    "estimatedDateTime": "202506010349",
    "exitnumber": "B",
    "fid": "2025052600000006657042",
    "flightId": "TG6742",
    "fstandposition": "10",
    "gatenumber": "10",
    "masterflightid": "OZ203",
    "remark": "도착",
    "scheduleDateTime": "202506010420",
    "terminalid": "P01",
    "typeOfFlight": "I"
  },
  {
    "airline": "유나이티드항공",
    "airport": "로스앤젤레스",
    "airportCode": "LAX",
    "carousel": "2",
    "codeshare": "Slave",
    "estimatedDateTime": "202506010349",
    "exitnumber": "B",
    "fid": "2025052600000006657043",
    "flightId": "UA7288",
    "fstandposition": "10",
    "gatenumber": "10",
    "masterflightid": "OZ203",
    "remark": "도착",
    "scheduleDateTime": "202506010420",
    "terminalid": "P01",
    "typeOfFlight": "I"
  },
  {
    "airline": "세부퍼시픽항공",
    "airport": "마닐라",
    "airportCode": "MNL",
    "carousel": "9",
    "codeshare": "Master",
    "estimatedDateTime": "202506010350",
    "exitnumber": "B",
    "fid": "2025052500000006653377",
    "flightId": "5J188Y",
    "fstandposition": "111",
    "gatenumber": "111",
    "masterflightid": null,
    "remark": "도착",
    "scheduleDateTime": "202506010300",
    "terminalid": "P02",
    "typeOfFlight": "I"
  },
  {
    "airline": "아시아나항공",
    "airport": "도쿄/하네다",
    "airportCode": "HND",
    "carousel": "3",
    "codeshare": "Master",
    "estimatedDateTime": "202506010353",
    "exitnumber": "B",
    "fid": "2025052600000006656244",
    "flightId": "OZ177",
    "fstandposition": "9",
    "gatenumber": "9",
    "masterflightid": null,
    "remark": "도착",
    "scheduleDateTime": "202506010410",
    "terminalid": "P01",
    "typeOfFlight": "I"
  },
  {
    "airline": "전일본공수",
    "airport": "도쿄/하네다",
    "airportCode": "HND",
    "carousel": "3",
    "codeshare": "Slave",
    "estimatedDateTime": "202506010353",
    "exitnumber": "B",
    "fid": "2025052600000006657035",
    "flightId": "NH6895",
    "fstandposition": "9",
    "gatenumber": "9",
    "masterflightid": "OZ177",
    "remark": "도착",
    "scheduleDateTime": "202506010410",
    "terminalid": "P01",
    "typeOfFlight": "I"
  },
  {
    "airline": "대한항공",
    "airport": "베이징/서우두",
    "airportCode": "PEK",
    "carousel": "6",
    "codeshare": "Master",
    "estimatedDateTime": "202506010403",
    "exitnumber": "A",
    "fid": "2025052600000006656190",
    "flightId": "KE854",
    "fstandposition": "248",
    "gatenumber": "248",
    "masterflightid": null,
    "remark": "도착",
    "scheduleDateTime": "202506010440",
    "terminalid": "P03",
    "typeOfFlight": "I"
  },
  {
    "airline": "샤먼항공",
    "airport": "베이징/서우두",
    "airportCode": "PEK",
    "carousel": "6",
    "codeshare": "Slave",
    "estimatedDateTime": "202506010403",
    "exitnumber": "A",
    "fid": "2025052600000006656947",
    "flightId": "MF9095",
    "fstandposition": "248",
    "gatenumber": "248",
    "masterflightid": "KE854",
    "remark": "도착",
    "scheduleDateTime": "202506010440",
    "terminalid": "P03",
    "typeOfFlight": "I"
  },
  {
    "airline": "비엣젯항공",
    "airport": "푸꾸옥",
    "airportCode": "PQC",
    "carousel": "8",
    "codeshare": "Master",
    "estimatedDateTime": "202506010404",
    "exitnumber": "B",
    "fid": "2025052600000006655879",
    "flightId": "VJ976",
    "fstandposition": "107",
    "gatenumber": "107",
    "masterflightid": null,
    "remark": "도착",
    "scheduleDateTime": "202506010400",
    "terminalid": "P02",
    "typeOfFlight": "I"
  },
  {
    "airline": "대한항공",
    "airport": "도쿄/하네다",
    "airportCode": "HND",
    "carousel": "7",
    "codeshare": "Master",
    "estimatedDateTime": "202506010408",
    "exitnumber": "A",
    "fid": "2025052600000006656656",
    "flightId": "KE720",
    "fstandposition": "236R",
    "gatenumber": "236",
    "masterflightid": null,
    "remark": "도착",
    "scheduleDateTime": "202506010435",
    "terminalid": "P03",
    "typeOfFlight": "I"
  },
  {
    "airline": "버진 애트란틱항공",
    "airport": "도쿄/하네다",
    "airportCode": "HND",
    "carousel": "7",
    "codeshare": "Slave",
    "estimatedDateTime": "202506010408",
    "exitnumber": "A",
    "fid": "2025052600000006657193",
    "flightId": "VS5530",
    "fstandposition": "236R",
    "gatenumber": "236",
    "masterflightid": "KE720",
    "remark": "도착",
    "scheduleDateTime": "202506010435",
    "terminalid": "P03",
    "typeOfFlight": "I"
  },
  {
    "airline": "에어 프랑스",
    "airport": "도쿄/하네다",
    "airportCode": "HND",
    "carousel": "7",
    "codeshare": "Slave",
    "estimatedDateTime": "202506010408",
    "exitnumber": "A",
    "fid": "2025052600000006657194",
    "flightId": "AF5367",
    "fstandposition": "236R",
    "gatenumber": "236",
    "masterflightid": "KE720",
    "remark": "도착",
    "scheduleDateTime": "202506010435",
    "terminalid": "P03",
    "typeOfFlight": "I"
  },
  {
    "airline": "일본항공",
    "airport": "도쿄/하네다",
    "airportCode": "HND",
    "carousel": "7",
    "codeshare": "Slave",
    "estimatedDateTime": "202506010408",
    "exitnumber": "A",
    "fid": "2025052600000006657195",
    "flightId": "JL5257",
    "fstandposition": "236R",
    "gatenumber": "236",
    "masterflightid": "KE720",
    "remark": "도착",
    "scheduleDateTime": "202506010435",
    "terminalid": "P03",
    "typeOfFlight": "I"
  },
  {
    "airline": "대한항공",
    "airport": "마닐라",
    "airportCode": "MNL",
    "carousel": "10",
    "codeshare": "Master",
    "estimatedDateTime": "202506010418",
    "exitnumber": "A",
    "fid": "2025052600000006655625",
    "flightId": "KE624",
    "fstandposition": "234",
    "gatenumber": "234",
    "masterflightid": null,
    "remark": "도착",
    "scheduleDateTime": "202506010435",
    "terminalid": "P03",
    "typeOfFlight": "I"
  },
  {
    "airline": "대한항공",
    "airport": "밴쿠버",
    "airportCode": "YVR",
    "carousel": "8",
    "codeshare": "Master",
    "estimatedDateTime": "202506010420",
    "exitnumber": "A",
    "fid": "2025052600000006656188",
    "flightId": "KE076",
    "fstandposition": "242",
    "gatenumber": "242",
    "masterflightid": null,
    "remark": "도착",
    "scheduleDateTime": "202506010430",
    "terminalid": "P03",
    "typeOfFlight": "I"
  },
  {
    "airline": "웨스트젯",
    "airport": "밴쿠버",
    "airportCode": "YVR",
    "carousel": "8",
    "codeshare": "Slave",
    "estimatedDateTime": "202506010420",
    "exitnumber": "A",
    "fid": "2025052600000006657116",
    "flightId": "WS6060",
    "fstandposition": "242",
    "gatenumber": "242",
    "masterflightid": "KE076",
    "remark": "도착",
    "scheduleDateTime": "202506010430",
    "terminalid": "P03",
    "typeOfFlight": "I"
  },
  {
    "airline": "에어프레미아",
    "airport": "로스앤젤레스",
    "airportCode": "LAX",
    "carousel": "5",
    "codeshare": "Master",
    "estimatedDateTime": "202506010425",
    "exitnumber": "B",
    "fid": "2025052600000006655890",
    "flightId": "YP104",
    "fstandposition": "21",
    "gatenumber": "21",
    "masterflightid": null,
    "remark": "도착",
    "scheduleDateTime": "202506010450",
    "terminalid": "P01",
    "typeOfFlight": "I"
  },
  {
    "airline": "대한항공",
    "airport": "라스베이거스",
    "airportCode": "LAS",
    "carousel": "9",
    "codeshare": "Master",
    "estimatedDateTime": "202506010424",
    "exitnumber": "A",
    "fid": "2025052600000006656168",
    "flightId": "KE006",
    "fstandposition": "231",
    "gatenumber": "231",
    "masterflightid": null,
    "remark": "도착",
    "scheduleDateTime": "202506010510",
    "terminalid": "P03",
    "typeOfFlight": "I"
  },
  {
    "airline": "델타항공",
    "airport": "라스베이거스",
    "airportCode": "LAS",
    "carousel": "9",
    "codeshare": "Slave",
    "estimatedDateTime": "202506010424",
    "exitnumber": "A",
    "fid": "2025052600000006656981",
    "flightId": "DL7832",
    "fstandposition": "231",
    "gatenumber": "231",
    "masterflightid": "KE006",
    "remark": "도착",
    "scheduleDateTime": "202506010510",
    "terminalid": "P03",
    "typeOfFlight": "I"
  },
  {
    "airline": "유나이티드항공",
    "airport": "샌프란시스코",
    "airportCode": "SFO",
    "carousel": "6",
    "codeshare": "Master",
    "estimatedDateTime": "202506010427",
    "exitnumber": "B",
    "fid": "2025052600000006656291",
    "flightId": "UA805",
    "fstandposition": "23",
    "gatenumber": "23",
    "masterflightid": null,
    "remark": "도착",
    "scheduleDateTime": "202506010420",
    "terminalid": "P01",
    "typeOfFlight": "I"
  },
  {
    "airline": "아시아나항공",
    "airport": "샌프란시스코",
    "airportCode": "SFO",
    "carousel": "6",
    "codeshare": "Slave",
    "estimatedDateTime": "202506010427",
    "exitnumber": "B",
    "fid": "2025052600000006656839",
    "flightId": "OZ6621",
    "fstandposition": "23",
    "gatenumber": "23",
    "masterflightid": "UA805",
    "remark": "도착",
    "scheduleDateTime": "202506010420",
    "terminalid": "P01",
    "typeOfFlight": "I"
  },
  {
    "airline": "피치항공",
    "airport": "도쿄/하네다",
    "airportCode": "HND",
    "carousel": "10",
    "codeshare": "Master",
    "estimatedDateTime": "202506010429",
    "exitnumber": "B",
    "fid": "2025052600000006655740",
    "flightId": "MM809",
    "fstandposition": "103",
    "gatenumber": "103",
    "masterflightid": null,
    "remark": "도착",
    "scheduleDateTime": "202506010440",
    "terminalid": "P02",
    "typeOfFlight": "I"
  },
  {
    "airline": "제주항공",
    "airport": "마닐라",
    "airportCode": "MNL",
    "carousel": "7",
    "codeshare": "Master",
    "estimatedDateTime": "202506010433",
    "exitnumber": "B",
    "fid": "2025052600000006656217",
    "flightId": "7C2104",
    "fstandposition": "45",
    "gatenumber": "45",
    "masterflightid": null,
    "remark": "도착",
    "scheduleDateTime": "202506010430",
    "terminalid": "P01",
    "typeOfFlight": "I"
  },
  {
    "airline": "한 에어",
    "airport": "마닐라",
    "airportCode": "MNL",
    "carousel": "7",
    "codeshare": "Slave",
    "estimatedDateTime": "202506010433",
    "exitnumber": "B",
    "fid": "2025052600000006656883",
    "flightId": "H19754",
    "fstandposition": "45",
    "gatenumber": "45",
    "masterflightid": "7C2104",
    "remark": "도착",
    "scheduleDateTime": "202506010430",
    "terminalid": "P01",
    "typeOfFlight": "I"
  },
  {
    "airline": "비엣젯항공",
    "airport": "나트랑",
    "airportCode": "CXR",
    "carousel": "11",
    "codeshare": "Master",
    "estimatedDateTime": "202506010434",
    "exitnumber": "B",
    "fid": "2025052600000006655874",
    "flightId": "VJ836",
    "fstandposition": "106",
    "gatenumber": "106",
    "masterflightid": null,
    "remark": "도착",
    "scheduleDateTime": "202506010430",
    "terminalid": "P02",
    "typeOfFlight": "I"
  },
  {
    "airline": "대한항공",
    "airport": "로스앤젤레스",
    "airportCode": "LAX",
    "carousel": "7",
    "codeshare": "Master",
    "estimatedDateTime": "202506010438",
    "exitnumber": "A",
    "fid": "2025052600000006656685",
    "flightId": "KE012",
    "fstandposition": "233",
    "gatenumber": "233",
    "masterflightid": null,
    "remark": "도착",
    "scheduleDateTime": "202506010500",
    "terminalid": "P03",
    "typeOfFlight": "I"
  },
  {
    "airline": "델타항공",
    "airport": "로스앤젤레스",
    "airportCode": "LAX",
    "carousel": "7",
    "codeshare": "Slave",
    "estimatedDateTime": "202506010438",
    "exitnumber": "A",
    "fid": "2025052600000006656982",
    "flightId": "DL7834",
    "fstandposition": "233",
    "gatenumber": "233",
    "masterflightid": "KE012",
    "remark": "도착",
    "scheduleDateTime": "202506010500",
    "terminalid": "P03",
    "typeOfFlight": "I"
  },
  {
    "airline": "아에로멕시코",
    "airport": "로스앤젤레스",
    "airportCode": "LAX",
    "carousel": "7",
    "codeshare": "Slave",
    "estimatedDateTime": "202506010438",
    "exitnumber": "A",
    "fid": "2025052600000006656983",
    "flightId": "AM6701",
    "fstandposition": "233",
    "gatenumber": "233",
    "masterflightid": "KE012",
    "remark": "도착",
    "scheduleDateTime": "202506010500",
    "terminalid": "P03",
    "typeOfFlight": "I"
  },
  {
    "airline": "란항공",
    "airport": "로스앤젤레스",
    "airportCode": "LAX",
    "carousel": "7",
    "codeshare": "Slave",
    "estimatedDateTime": "202506010438",
    "exitnumber": "A",
    "fid": "2025052600000006656984",
    "flightId": "LA8425",
    "fstandposition": "233",
    "gatenumber": "233",
    "masterflightid": "KE012",
    "remark": "도착",
    "scheduleDateTime": "202506010500",
    "terminalid": "P03",
    "typeOfFlight": "I"
  },
  {
    "airline": "아시아나항공",
    "airport": "마닐라",
    "airportCode": "MNL",
    "carousel": "3",
    "codeshare": "Master",
    "estimatedDateTime": "202506010451",
    "exitnumber": "B",
    "fid": "2025052600000006655730",
    "flightId": "OZ704",
    "fstandposition": "24",
    "gatenumber": "24",
    "masterflightid": null,
    "remark": "도착",
    "scheduleDateTime": "202506010450",
    "terminalid": "P01",
    "typeOfFlight": "I"
  },
  {
    "airline": "베트남항공",
    "airport": "나트랑",
    "airportCode": "CXR",
    "carousel": "9",
    "codeshare": "Master",
    "estimatedDateTime": "202506010448",
    "exitnumber": "B",
    "fid": "2025052600000006656307",
    "flightId": "VN440",
    "fstandposition": "110",
    "gatenumber": "110",
    "masterflightid": null,
    "remark": "도착",
    "scheduleDateTime": "202506010430",
    "terminalid": "P02",
    "typeOfFlight": "I"
  },
  {
    "airline": "대한항공",
    "airport": "나트랑",
    "airportCode": "CXR",
    "carousel": "9",
    "codeshare": "Slave",
    "estimatedDateTime": "202506010448",
    "exitnumber": "B",
    "fid": "2025052600000006656990",
    "flightId": "KE5680",
    "fstandposition": "110",
    "gatenumber": "110",
    "masterflightid": "VN440",
    "remark": "도착",
    "scheduleDateTime": "202506010430",
    "terminalid": "P02",
    "typeOfFlight": "I"
  },
  {
    "airline": "대한항공",
    "airport": "뉴욕/존에프케네디",
    "airportCode": "JFK",
    "carousel": "14",
    "codeshare": "Master",
    "estimatedDateTime": "202506010450",
    "exitnumber": "B",
    "fid": "2025052600000006656192",
    "flightId": "KE086",
    "fstandposition": "266",
    "gatenumber": "266",
    "masterflightid": null,
    "remark": "도착",
    "scheduleDateTime": "202506010520",
    "terminalid": "P03",
    "typeOfFlight": "I"
  },
  {
    "airline": "델타항공",
    "airport": "뉴욕/존에프케네디",
    "airportCode": "JFK",
    "carousel": "14",
    "codeshare": "Slave",
    "estimatedDateTime": "202506010450",
    "exitnumber": "B",
    "fid": "2025052600000006657118",
    "flightId": "DL7844",
    "fstandposition": "266",
    "gatenumber": "266",
    "masterflightid": "KE086",
    "remark": "도착",
    "scheduleDateTime": "202506010520",
    "terminalid": "P03",
    "typeOfFlight": "I"
  },
  {
    "airline": "아시아나항공",
    "airport": "청두/톈푸",
    "airportCode": "TFU",
    "carousel": "4",
    "codeshare": "Master",
    "estimatedDateTime": "202506010452",
    "exitnumber": "B",
    "fid": "2025052600000006656303",
    "flightId": "OZ324",
    "fstandposition": "16",
    "gatenumber": "16",
    "masterflightid": null,
    "remark": "도착",
    "scheduleDateTime": "202506010510",
    "terminalid": "P01",
    "typeOfFlight": "I"
  },
  {
    "airline": "중국국제항공",
    "airport": "청두/톈푸",
    "airportCode": "TFU",
    "carousel": "4",
    "codeshare": "Slave",
    "estimatedDateTime": "202506010452",
    "exitnumber": "B",
    "fid": "2025052600000006657060",
    "flightId": "CA5023",
    "fstandposition": "16",
    "gatenumber": "16",
    "masterflightid": "OZ324",
    "remark": "도착",
    "scheduleDateTime": "202506010510",
    "terminalid": "P01",
    "typeOfFlight": "I"
  },
  {
    "airline": "대한항공",
    "airport": "방콕/수완나품",
    "airportCode": "BKK",
    "carousel": "13",
    "codeshare": "Master",
    "estimatedDateTime": "202506010456",
    "exitnumber": "B",
    "fid": "2025052600000006656514",
    "flightId": "KE658",
    "fstandposition": "256",
    "gatenumber": "256",
    "masterflightid": null,
    "remark": "도착",
    "scheduleDateTime": "202506010505",
    "terminalid": "P03",
    "typeOfFlight": "I"
  },
  {
    "airline": "델타항공",
    "airport": "방콕/수완나품",
    "airportCode": "BKK",
    "carousel": "13",
    "codeshare": "Slave",
    "estimatedDateTime": "202506010456",
    "exitnumber": "B",
    "fid": "2025052600000006657246",
    "flightId": "DL7858",
    "fstandposition": "256",
    "gatenumber": "256",
    "masterflightid": "KE658",
    "remark": "도착",
    "scheduleDateTime": "202506010505",
    "terminalid": "P03",
    "typeOfFlight": "I"
  },
  {
    "airline": "케냐항공",
    "airport": "방콕/수완나품",
    "airportCode": "BKK",
    "carousel": "13",
    "codeshare": "Slave",
    "estimatedDateTime": "202506010456",
    "exitnumber": "B",
    "fid": "2025052600000006657247",
    "flightId": "KQ5104",
    "fstandposition": "256",
    "gatenumber": "256",
    "masterflightid": "KE658",
    "remark": "도착",
    "scheduleDateTime": "202506010505",
    "terminalid": "P03",
    "typeOfFlight": "I"
  },
  {
    "airline": "아시아나항공",
    "airport": "홍콩",
    "airportCode": "HKG",
    "carousel": "1",
    "codeshare": "Master",
    "estimatedDateTime": "202506010501",
    "exitnumber": "B",
    "fid": "2025052600000006656526",
    "flightId": "OZ746",
    "fstandposition": "15",
    "gatenumber": "15",
    "masterflightid": null,
    "remark": "도착",
    "scheduleDateTime": "202506010510",
    "terminalid": "P01",
    "typeOfFlight": "I"
  },
  {
    "airline": "유나이티드항공",
    "airport": "홍콩",
    "airportCode": "HKG",
    "carousel": "1",
    "codeshare": "Slave",
    "estimatedDateTime": "202506010501",
    "exitnumber": "B",
    "fid": "2025052600000006657096",
    "flightId": "UA7307",
    "fstandposition": "15",
    "gatenumber": "15",
    "masterflightid": "OZ746",
    "remark": "도착",
    "scheduleDateTime": "202506010510",
    "terminalid": "P01",
    "typeOfFlight": "I"
  },
  {
    "airline": "홍콩항공",
    "airport": "홍콩",
    "airportCode": "HKG",
    "carousel": "1",
    "codeshare": "Slave",
    "estimatedDateTime": "202506010501",
    "exitnumber": "B",
    "fid": "2025052600000006657095",
    "flightId": "HX1566",
    "fstandposition": "15",
    "gatenumber": "15",
    "masterflightid": "OZ746",
    "remark": "도착",
    "scheduleDateTime": "202506010510",
    "terminalid": "P01",
    "typeOfFlight": "I"
  },
  {
    "airline": "에어아시아 버하드",
    "airport": "코타키나발루",
    "airportCode": "BKI",
    "carousel": "7",
    "codeshare": "Master",
    "estimatedDateTime": "202506010501",
    "exitnumber": "B",
    "fid": "2025052600000006655781",
    "flightId": "AK1623",
    "fstandposition": "114",
    "gatenumber": "114",
    "masterflightid": null,
    "remark": "도착",
    "scheduleDateTime": "202506010505",
    "terminalid": "P02",
    "typeOfFlight": "I"
  },
  {
    "airline": "대한항공",
    "airport": "하노이",
    "airportCode": "HAN",
    "carousel": "6",
    "codeshare": "Master",
    "estimatedDateTime": "202506010509",
    "exitnumber": "A",
    "fid": "2025052600000006656721",
    "flightId": "KE454",
    "fstandposition": "232",
    "gatenumber": "232",
    "masterflightid": null,
    "remark": "도착",
    "scheduleDateTime": "202506010525",
    "terminalid": "P03",
    "typeOfFlight": "I"
  },
  {
    "airline": "델타항공",
    "airport": "하노이",
    "airportCode": "HAN",
    "carousel": "6",
    "codeshare": "Slave",
    "estimatedDateTime": "202506010509",
    "exitnumber": "A",
    "fid": "2025052600000006657147",
    "flightId": "DL7808",
    "fstandposition": "232",
    "gatenumber": "232",
    "masterflightid": "KE454",
    "remark": "도착",
    "scheduleDateTime": "202506010525",
    "terminalid": "P03",
    "typeOfFlight": "I"
  },
  {
    "airline": "웨스트젯",
    "airport": "하노이",
    "airportCode": "HAN",
    "carousel": "6",
    "codeshare": "Slave",
    "estimatedDateTime": "202506010509",
    "exitnumber": "A",
    "fid": "2025052600000006657148",
    "flightId": "WS6038",
    "fstandposition": "232",
    "gatenumber": "232",
    "masterflightid": "KE454",
    "remark": "도착",
    "scheduleDateTime": "202506010525",
    "terminalid": "P03",
    "typeOfFlight": "I"
  },
  {
    "airline": "버진 애트란틱항공",
    "airport": "하노이",
    "airportCode": "HAN",
    "carousel": "6",
    "codeshare": "Slave",
    "estimatedDateTime": "202506010509",
    "exitnumber": "A",
    "fid": "2025052600000006657149",
    "flightId": "VS5518",
    "fstandposition": "232",
    "gatenumber": "232",
    "masterflightid": "KE454",
    "remark": "도착",
    "scheduleDateTime": "202506010525",
    "terminalid": "P03",
    "typeOfFlight": "I"
  },
  {
    "airline": "베트남항공",
    "airport": "하노이",
    "airportCode": "HAN",
    "carousel": "6",
    "codeshare": "Slave",
    "estimatedDateTime": "202506010509",
    "exitnumber": "A",
    "fid": "2025052600000006657150",
    "flightId": "VN3410",
    "fstandposition": "232",
    "gatenumber": "232",
    "masterflightid": "KE454",
    "remark": "도착",
    "scheduleDateTime": "202506010525",
    "terminalid": "P03",
    "typeOfFlight": "I"
  },
  {
    "airline": "티웨이항공",
    "airport": "홍콩",
    "airportCode": "HKG",
    "carousel": "18",
    "codeshare": "Master",
    "estimatedDateTime": "202506010507",
    "exitnumber": "E",
    "fid": "2025053000000006667381",
    "flightId": "TW644",
    "fstandposition": "49",
    "gatenumber": "49",
    "masterflightid": null,
    "remark": "도착",
    "scheduleDateTime": "202506010530",
    "terminalid": "P01",
    "typeOfFlight": "I"
  },
  {
    "airline": "에어프레미아",
    "airport": "다낭",
    "airportCode": "DAD",
    "carousel": "20",
    "codeshare": "Master",
    "estimatedDateTime": "202506010510",
    "exitnumber": "E",
    "fid": "2025052600000006655666",
    "flightId": "YP622",
    "fstandposition": "32",
    "gatenumber": "32",
    "masterflightid": null,
    "remark": "도착",
    "scheduleDateTime": "202506010530",
    "terminalid": "P01",
    "typeOfFlight": "I"
  },
  {
    "airline": "대한항공",
    "airport": "다낭",
    "airportCode": "DAD",
    "carousel": "12",
    "codeshare": "Master",
    "estimatedDateTime": "202506010515",
    "exitnumber": "B",
    "fid": "2025052600000006656722",
    "flightId": "KE462",
    "fstandposition": "275",
    "gatenumber": "275",
    "masterflightid": null,
    "remark": "도착",
    "scheduleDateTime": "202506010530",
    "terminalid": "P03",
    "typeOfFlight": "I"
  },
  {
    "airline": "델타항공",
    "airport": "다낭",
    "airportCode": "DAD",
    "carousel": "12",
    "codeshare": "Slave",
    "estimatedDateTime": "202506010515",
    "exitnumber": "B",
    "fid": "2025052600000006657152",
    "flightId": "DL7812",
    "fstandposition": "275",
    "gatenumber": "275",
    "masterflightid": "KE462",
    "remark": "도착",
    "scheduleDateTime": "202506010530",
    "terminalid": "P03",
    "typeOfFlight": "I"
  },
  {
    "airline": "웨스트젯",
    "airport": "다낭",
    "airportCode": "DAD",
    "carousel": "12",
    "codeshare": "Slave",
    "estimatedDateTime": "202506010515",
    "exitnumber": "B",
    "fid": "2025052600000006657153",
    "flightId": "WS6072",
    "fstandposition": "275",
    "gatenumber": "275",
    "masterflightid": "KE462",
    "remark": "도착",
    "scheduleDateTime": "202506010530",
    "terminalid": "P03",
    "typeOfFlight": "I"
  },
  {
    "airline": "베트남항공",
    "airport": "다낭",
    "airportCode": "DAD",
    "carousel": "12",
    "codeshare": "Slave",
    "estimatedDateTime": "202506010515",
    "exitnumber": "B",
    "fid": "2025052600000006657154",
    "flightId": "VN3440",
    "fstandposition": "275",
    "gatenumber": "275",
    "masterflightid": "KE462",
    "remark": "도착",
    "scheduleDateTime": "202506010530",
    "terminalid": "P03",
    "typeOfFlight": "I"
  },
  {
    "airline": "버진 애트란틱항공",
    "airport": "다낭",
    "airportCode": "DAD",
    "carousel": "12",
    "codeshare": "Slave",
    "estimatedDateTime": "202506010515",
    "exitnumber": "B",
    "fid": "2025052600000006657151",
    "flightId": "VS5522",
    "fstandposition": "275",
    "gatenumber": "275",
    "masterflightid": "KE462",
    "remark": "도착",
    "scheduleDateTime": "202506010530",
    "terminalid": "P03",
    "typeOfFlight": "I"
  },
  {
    "airline": "필리핀항공",
    "airport": "세부",
    "airportCode": "CEB",
    "carousel": "21",
    "codeshare": "Master",
    "estimatedDateTime": "202506010512",
    "exitnumber": "E",
    "fid": "2025052600000006655774",
    "flightId": "PR484",
    "fstandposition": "36",
    "gatenumber": "36",
    "masterflightid": null,
    "remark": "도착",
    "scheduleDateTime": "202506010550",
    "terminalid": "P01",
    "typeOfFlight": "I"
  },
  {
    "airline": "비엣젯항공",
    "airport": "다낭",
    "airportCode": "DAD",
    "carousel": "16",
    "codeshare": "Master",
    "estimatedDateTime": "202506010521",
    "exitnumber": "E",
    "fid": "2025052600000006655871",
    "flightId": "VJ880",
    "fstandposition": "131",
    "gatenumber": "131",
    "masterflightid": null,
    "remark": "도착",
    "scheduleDateTime": "202506010500",
    "terminalid": "P02",
    "typeOfFlight": "I"
  },
  {
    "airline": "대한항공",
    "airport": "홍콩",
    "airportCode": "HKG",
    "carousel": "11",
    "codeshare": "Master",
    "estimatedDateTime": "202506010522",
    "exitnumber": "B",
    "fid": "2025052600000006656663",
    "flightId": "KE178",
    "fstandposition": "267",
    "gatenumber": "267",
    "masterflightid": null,
    "remark": "도착",
    "scheduleDateTime": "202506010525",
    "terminalid": "P03",
    "typeOfFlight": "I"
  },
  {
    "airline": "웨스트젯",
    "airport": "홍콩",
    "airportCode": "HKG",
    "carousel": "11",
    "codeshare": "Slave",
    "estimatedDateTime": "202506010522",
    "exitnumber": "B",
    "fid": "2025052600000006657243",
    "flightId": "WS6036",
    "fstandposition": "267",
    "gatenumber": "267",
    "masterflightid": "KE178",
    "remark": "도착",
    "scheduleDateTime": "202506010525",
    "terminalid": "P03",
    "typeOfFlight": "I"
  },
  {
    "airline": "버진 애트란틱항공",
    "airport": "홍콩",
    "airportCode": "HKG",
    "carousel": "11",
    "codeshare": "Slave",
    "estimatedDateTime": "202506010522",
    "exitnumber": "B",
    "fid": "2025052600000006657241",
    "flightId": "VS5516",
    "fstandposition": "267",
    "gatenumber": "267",
    "masterflightid": "KE178",
    "remark": "도착",
    "scheduleDateTime": "202506010525",
    "terminalid": "P03",
    "typeOfFlight": "I"
  },
  {
    "airline": "델타항공",
    "airport": "홍콩",
    "airportCode": "HKG",
    "carousel": "11",
    "codeshare": "Slave",
    "estimatedDateTime": "202506010522",
    "exitnumber": "B",
    "fid": "2025052600000006657242",
    "flightId": "DL7774",
    "fstandposition": "267",
    "gatenumber": "267",
    "masterflightid": "KE178",
    "remark": "도착",
    "scheduleDateTime": "202506010525",
    "terminalid": "P03",
    "typeOfFlight": "I"
  },
  {
    "airline": "진에어",
    "airport": "푸꾸옥",
    "airportCode": "PQC",
    "carousel": "14",
    "codeshare": "Master",
    "estimatedDateTime": "202506010531",
    "exitnumber": "B",
    "fid": "2025052600000006655817",
    "flightId": "LJ092",
    "fstandposition": "260",
    "gatenumber": "260",
    "masterflightid": null,
    "remark": "도착",
    "scheduleDateTime": "202506010520",
    "terminalid": "P03",
    "typeOfFlight": "I"
  },
  {
    "airline": "에어서울",
    "airport": "보홀 팡라오",
    "airportCode": "TAG",
    "carousel": "12",
    "codeshare": "Master",
    "estimatedDateTime": "202506010530",
    "exitnumber": "D",
    "fid": "2025052600000006655720",
    "flightId": "RS582",
    "fstandposition": "117",
    "gatenumber": "117",
    "masterflightid": null,
    "remark": "도착",
    "scheduleDateTime": "202506010550",
    "terminalid": "P02",
    "typeOfFlight": "I"
  },
  {
    "airline": "비엣젯항공",
    "airport": "하노이",
    "airportCode": "HAN",
    "carousel": "15",
    "codeshare": "Master",
    "estimatedDateTime": "202506010534",
    "exitnumber": "D",
    "fid": "2025052600000006655870",
    "flightId": "VJ962",
    "fstandposition": "123",
    "gatenumber": "123",
    "masterflightid": null,
    "remark": "도착",
    "scheduleDateTime": "202506010530",
    "terminalid": "P02",
    "typeOfFlight": "I"
  },
  {
    "airline": "제주항공",
    "airport": "치앙마이",
    "airportCode": "CNX",
    "carousel": "17",
    "codeshare": "Master",
    "estimatedDateTime": "202506010540",
    "exitnumber": "E",
    "fid": "2025052600000006656227",
    "flightId": "7C2516",
    "fstandposition": "34",
    "gatenumber": "34",
    "masterflightid": null,
    "remark": "도착",
    "scheduleDateTime": "202506010550",
    "terminalid": "P01",
    "typeOfFlight": "I"
  },
  {
    "airline": "한 에어",
    "airport": "치앙마이",
    "airportCode": "CNX",
    "carousel": "17",
    "codeshare": "Slave",
    "estimatedDateTime": "202506010540",
    "exitnumber": "E",
    "fid": "2025052600000006656891",
    "flightId": "H19915",
    "fstandposition": "34",
    "gatenumber": "34",
    "masterflightid": "7C2516",
    "remark": "도착",
    "scheduleDateTime": "202506010550",
    "terminalid": "P01",
    "typeOfFlight": "I"
  },
  {
    "airline": "아시아나항공",
    "airport": "다낭",
    "airportCode": "DAD",
    "carousel": "1",
    "codeshare": "Master",
    "estimatedDateTime": "202506010550",
    "exitnumber": "B",
    "fid": "2025052600000006656294",
    "flightId": "OZ756",
    "fstandposition": "10",
    "gatenumber": "10",
    "masterflightid": null,
    "remark": "도착",
    "scheduleDateTime": "202506010555",
    "terminalid": "P01",
    "typeOfFlight": "I"
  },
  {
    "airline": "에어캐나다",
    "airport": "다낭",
    "airportCode": "DAD",
    "carousel": "1",
    "codeshare": "Slave",
    "estimatedDateTime": "202506010550",
    "exitnumber": "B",
    "fid": "2025052600000006657099",
    "flightId": "AC6972",
    "fstandposition": "10",
    "gatenumber": "10",
    "masterflightid": "OZ756",
    "remark": "도착",
    "scheduleDateTime": "202506010555",
    "terminalid": "P01",
    "typeOfFlight": "I"
  },
  {
    "airline": "아시아나항공",
    "airport": "광저우",
    "airportCode": "CAN",
    "carousel": "2",
    "codeshare": "Master",
    "estimatedDateTime": "202506010541",
    "exitnumber": "B",
    "fid": "2025052600000006656250",
    "flightId": "OZ356",
    "fstandposition": "12",
    "gatenumber": "12",
    "masterflightid": null,
    "remark": "도착",
    "scheduleDateTime": "202506010545",
    "terminalid": "P01",
    "typeOfFlight": "I"
  },
  {
    "airline": "심천항공",
    "airport": "광저우",
    "airportCode": "CAN",
    "carousel": "2",
    "codeshare": "Slave",
    "estimatedDateTime": "202506010541",
    "exitnumber": "B",
    "fid": "2025052600000006657069",
    "flightId": "ZH3309",
    "fstandposition": "12",
    "gatenumber": "12",
    "masterflightid": "OZ356",
    "remark": "도착",
    "scheduleDateTime": "202506010545",
    "terminalid": "P01",
    "typeOfFlight": "I"
  },
  {
    "airline": "제주항공",
    "airport": "푸꾸옥",
    "airportCode": "PQC",
    "carousel": "23",
    "codeshare": "Master",
    "estimatedDateTime": "202506010545",
    "exitnumber": "E",
    "fid": "2025052600000006656298",
    "flightId": "7C2316",
    "fstandposition": "28",
    "gatenumber": "28",
    "masterflightid": null,
    "remark": "도착",
    "scheduleDateTime": "202506010545",
    "terminalid": "P01",
    "typeOfFlight": "I"
  },
  {
    "airline": "한 에어",
    "airport": "푸꾸옥",
    "airportCode": "PQC",
    "carousel": "23",
    "codeshare": "Slave",
    "estimatedDateTime": "202506010545",
    "exitnumber": "E",
    "fid": "2025052600000006656925",
    "flightId": "H19982",
    "fstandposition": "28",
    "gatenumber": "28",
    "masterflightid": "7C2316",
    "remark": "도착",
    "scheduleDateTime": "202506010545",
    "terminalid": "P01",
    "typeOfFlight": "I"
  },
  {
    "airline": "아에로멕시코",
    "airport": "멕시코시티",
    "airportCode": "MEX",
    "carousel": "15",
    "codeshare": "Master",
    "estimatedDateTime": "202506010547",
    "exitnumber": "B",
    "fid": "2025052600000006656284",
    "flightId": "AM090",
    "fstandposition": "255",
    "gatenumber": "255",
    "masterflightid": null,
    "remark": "도착",
    "scheduleDateTime": "202506010600",
    "terminalid": "P03",
    "typeOfFlight": "I"
  },
  {
    "airline": "란항공",
    "airport": "멕시코시티",
    "airportCode": "MEX",
    "carousel": "15",
    "codeshare": "Slave",
    "estimatedDateTime": "202506010547",
    "exitnumber": "B",
    "fid": "2025052600000006657263",
    "flightId": "LA5114",
    "fstandposition": "255",
    "gatenumber": "255",
    "masterflightid": "AM090",
    "remark": "도착",
    "scheduleDateTime": "202506010600",
    "terminalid": "P03",
    "typeOfFlight": "I"
  },
  {
    "airline": "에어부산",
    "airport": "방콕/수완나품",
    "airportCode": "BKK",
    "carousel": "4",
    "codeshare": "Master",
    "estimatedDateTime": "202506010545",
    "exitnumber": "B",
    "fid": "2025052600000006655727",
    "flightId": "BX748",
    "fstandposition": "18",
    "gatenumber": "18",
    "masterflightid": null,
    "remark": "도착",
    "scheduleDateTime": "202506010605",
    "terminalid": "P01",
    "typeOfFlight": "I"
  },
  {
    "airline": "베트남항공",
    "airport": "하노이",
    "airportCode": "HAN",
    "carousel": "10",
    "codeshare": "Master",
    "estimatedDateTime": "202506010550",
    "exitnumber": "C",
    "fid": "2025052600000006656286",
    "flightId": "VN416",
    "fstandposition": "113",
    "gatenumber": "113",
    "masterflightid": null,
    "remark": "도착",
    "scheduleDateTime": "202506010550",
    "terminalid": "P02",
    "typeOfFlight": "I"
  },
  {
    "airline": "대한항공",
    "airport": "하노이",
    "airportCode": "HAN",
    "carousel": "10",
    "codeshare": "Slave",
    "estimatedDateTime": "202506010550",
    "exitnumber": "C",
    "fid": "2025052600000006656988",
    "flightId": "KE5684",
    "fstandposition": "113",
    "gatenumber": "113",
    "masterflightid": "VN416",
    "remark": "도착",
    "scheduleDateTime": "202506010550",
    "terminalid": "P02",
    "typeOfFlight": "I"
  },
  {
    "airline": "비엣젯항공",
    "airport": "나트랑",
    "airportCode": "CXR",
    "carousel": "13",
    "codeshare": "Master",
    "estimatedDateTime": "202506010552",
    "exitnumber": "D",
    "fid": "2025052600000006655876",
    "flightId": "VJ834",
    "fstandposition": "121",
    "gatenumber": "121",
    "masterflightid": null,
    "remark": "도착",
    "scheduleDateTime": "202506010535",
    "terminalid": "P02",
    "typeOfFlight": "I"
  },
  {
    "airline": "대한항공",
    "airport": "푸꾸옥",
    "airportCode": "PQC",
    "carousel": "8",
    "codeshare": "Master",
    "estimatedDateTime": "202506010554",
    "exitnumber": "A",
    "fid": "2025052600000006656568",
    "flightId": "KE486",
    "fstandposition": "241",
    "gatenumber": "241",
    "masterflightid": null,
    "remark": "도착",
    "scheduleDateTime": "202506010555",
    "terminalid": "P03",
    "typeOfFlight": "I"
  },
  {
    "airline": "델타항공",
    "airport": "푸꾸옥",
    "airportCode": "PQC",
    "carousel": "8",
    "codeshare": "Slave",
    "estimatedDateTime": "202506010554",
    "exitnumber": "A",
    "fid": "2025052600000006657259",
    "flightId": "DL7866",
    "fstandposition": "241",
    "gatenumber": "241",
    "masterflightid": "KE486",
    "remark": "도착",
    "scheduleDateTime": "202506010555",
    "terminalid": "P03",
    "typeOfFlight": "I"
  },
  {
    "airline": "베트남항공",
    "airport": "푸꾸옥",
    "airportCode": "PQC",
    "carousel": "8",
    "codeshare": "Slave",
    "estimatedDateTime": "202506010554",
    "exitnumber": "A",
    "fid": "2025052600000006657260",
    "flightId": "VN3414",
    "fstandposition": "241",
    "gatenumber": "241",
    "masterflightid": "KE486",
    "remark": "도착",
    "scheduleDateTime": "202506010555",
    "terminalid": "P03",
    "typeOfFlight": "I"
  },
  {
    "airline": "진에어",
    "airport": "홍콩",
    "airportCode": "HKG",
    "carousel": "13",
    "codeshare": "Master",
    "estimatedDateTime": "202506010553",
    "exitnumber": "B",
    "fid": "2025052600000006656314",
    "flightId": "LJ702",
    "fstandposition": "265",
    "gatenumber": "265",
    "masterflightid": null,
    "remark": "도착",
    "scheduleDateTime": "202506010605",
    "terminalid": "P03",
    "typeOfFlight": "I"
  },
  {
    "airline": "대한항공",
    "airport": "홍콩",
    "airportCode": "HKG",
    "carousel": "13",
    "codeshare": "Slave",
    "estimatedDateTime": "202506010553",
    "exitnumber": "B",
    "fid": "2025052600000006657271",
    "flightId": "KE5070",
    "fstandposition": "265",
    "gatenumber": "265",
    "masterflightid": "LJ702",
    "remark": "도착",
    "scheduleDateTime": "202506010605",
    "terminalid": "P03",
    "typeOfFlight": "I"
  },
  {
    "airline": "바틱 에어 말레이시아",
    "airport": "쿠알라룸푸르",
    "airportCode": "KUL",
    "carousel": "22",
    "codeshare": "Master",
    "estimatedDateTime": "202506010555",
    "exitnumber": "E",
    "fid": "2025052600000006655671",
    "flightId": "OD820",
    "fstandposition": "43",
    "gatenumber": "43",
    "masterflightid": null,
    "remark": "도착",
    "scheduleDateTime": "202506010550",
    "terminalid": "P01",
    "typeOfFlight": "I"
  },
  {
    "airline": "아시아나항공",
    "airport": "뉴욕/존에프케네디",
    "airportCode": "JFK",
    "carousel": "3",
    "codeshare": "Master",
    "estimatedDateTime": "202506010602",
    "exitnumber": "B",
    "fid": "2025052600000006656681",
    "flightId": "OZ223",
    "fstandposition": "17",
    "gatenumber": "17",
    "masterflightid": null,
    "remark": "도착",
    "scheduleDateTime": "202506010610",
    "terminalid": "P01",
    "typeOfFlight": "I"
  },
  {
    "airline": "코파항공",
    "airport": "뉴욕/존에프케네디",
    "airportCode": "JFK",
    "carousel": "3",
    "codeshare": "Slave",
    "estimatedDateTime": "202506010602",
    "exitnumber": "B",
    "fid": "2025052600000006657051",
    "flightId": "CM8020",
    "fstandposition": "17",
    "gatenumber": "17",
    "masterflightid": "OZ223",
    "remark": "도착",
    "scheduleDateTime": "202506010610",
    "terminalid": "P01",
    "typeOfFlight": "I"
  },
  {
    "airline": "타이항공",
    "airport": "뉴욕/존에프케네디",
    "airportCode": "JFK",
    "carousel": "3",
    "codeshare": "Slave",
    "estimatedDateTime": "202506010602",
    "exitnumber": "B",
    "fid": "2025052600000006657052",
    "flightId": "TG6754",
    "fstandposition": "17",
    "gatenumber": "17",
    "masterflightid": "OZ223",
    "remark": "도착",
    "scheduleDateTime": "202506010610",
    "terminalid": "P01",
    "typeOfFlight": "I"
  },
  {
    "airline": "유나이티드항공",
    "airport": "뉴욕/존에프케네디",
    "airportCode": "JFK",
    "carousel": "3",
    "codeshare": "Slave",
    "estimatedDateTime": "202506010602",
    "exitnumber": "B",
    "fid": "2025052600000006657053",
    "flightId": "UA7301",
    "fstandposition": "17",
    "gatenumber": "17",
    "masterflightid": "OZ223",
    "remark": "도착",
    "scheduleDateTime": "202506010610",
    "terminalid": "P01",
    "typeOfFlight": "I"
  },
  {
    "airline": "대한항공",
    "airport": "싱가포르",
    "airportCode": "SIN",
    "carousel": "10",
    "codeshare": "Master",
    "estimatedDateTime": "202506010602",
    "exitnumber": "A",
    "fid": "2025052600000006656649",
    "flightId": "KE644",
    "fstandposition": "239R",
    "gatenumber": "239",
    "masterflightid": null,
    "remark": "도착",
    "scheduleDateTime": "202506010600",
    "terminalid": "P03",
    "typeOfFlight": "I"
  }
]